Ruinas,Up,Get,Tue Nov 12 01:30:46 2013
Ruinas,Up,Get,Tue Nov 12 01:30:48 2013
RoL,Up,Get,Tue Nov 12 01:30:48 2013
RoLO,Up,Get,Tue Nov 12 01:30:48 2013
RoLC,Up,Get,Tue Nov 12 01:30:49 2013
th123,Up,Get,Tue Nov 12 01:30:49 2013
th135,Up,Get,Tue Nov 12 01:30:50 2013
katamichi,Up,Get,Tue Nov 12 01:30:50 2013
config,Up,Get,Tue Nov 12 01:30:50 2013
RoLC,Up,Get,Tue Nov 12 01:39:59 2013
RoL,Up,Get,Tue Nov 12 01:40:01 2013
Ruinas,Up,Get,Tue Nov 12 01:40:03 2013
RoL,Up,Get,Tue Nov 12 01:40:03 2013
RoLO,Up,Get,Tue Nov 12 01:40:03 2013
RoLC,Up,Get,Tue Nov 12 01:40:04 2013
th123,Up,Get,Tue Nov 12 01:40:05 2013
th135,Up,Get,Tue Nov 12 01:40:05 2013
katamichi,Up,Get,Tue Nov 12 01:40:05 2013
config,Up,Get,Tue Nov 12 01:40:06 2013
Ruinas,Up,Get,Tue Nov 12 01:46:20 2013
RoL,Up,Get,Tue Nov 12 01:46:21 2013
RoLO,Up,Get,Tue Nov 12 01:46:21 2013
RoLC,Up,Get,Tue Nov 12 01:46:21 2013
th123,Up,Get,Tue Nov 12 01:46:22 2013
th135,Up,Get,Tue Nov 12 01:46:22 2013
katamichi,Up,Get,Tue Nov 12 01:46:22 2013
config,Up,Get,Tue Nov 12 01:46:23 2013
Ruinas,Up,Get,Thu Nov 14 03:25:08 2013
RoL,Up,Get,Thu Nov 14 03:25:08 2013
RoLO,Up,Get,Thu Nov 14 03:25:09 2013
RoLC,Up,Get,Thu Nov 14 03:25:10 2013
th123,Up,Get,Thu Nov 14 03:25:14 2013
th135,Up,Get,Thu Nov 14 03:25:14 2013
katamichi,Up,Get,Thu Nov 14 03:25:14 2013
config,Up,Get,Thu Nov 14 03:25:15 2013
Ruinas,Up,Get,Thu Nov 14 11:40:29 2013
RoL,Up,Get,Thu Nov 14 11:40:30 2013
RoLO,Up,Get,Thu Nov 14 11:40:30 2013
RoLC,Up,Get,Thu Nov 14 11:40:31 2013
th123,Up,Get,Thu Nov 14 11:40:33 2013
th135,Up,Get,Thu Nov 14 11:40:33 2013
katamichi,Up,Get,Thu Nov 14 11:40:34 2013
config,Up,Get,Thu Nov 14 11:40:34 2013
All,Up,Get,Thu Nov 14 19:54:16 2013
Ruinas,Up,Get,Thu Nov 14 19:54:36 2013
katamichi,Down,Get,Thu Nov 14 19:54:45 2013
All,Up,Get,Fri Nov 15 07:36:41 2013
config,Down,Lab,Fri Nov 15 09:47:14 2013
MGL,Up,Lab,Fri Nov 15 09:47:32 2013
config,Up,Lab,Fri Nov 15 11:18:54 2013
All,Up,Lab,Fri Nov 15 17:44:16 2013
All,Up,Get,Sat Nov 16 05:07:11 2013
All,Up,Get,Sat Nov 16 15:40:33 2013
All,Up,Get,Sat Nov 16 15:42:26 2013
MGL,Up,Get,Sat Nov 16 15:43:13 2013
All,Up,Get,Mon Nov 18 09:24:18 2013
All,Down,Lab,Mon Nov 18 14:08:06 2013
All,Up,Get,Tue Nov 19 01:26:17 2013
All,Down,Lab,Wed Nov 20 10:08:58 2013
All,Up,Get,Thu Nov 21 10:53:24 2013
All,Up,Get,Fri Nov 22 01:47:03 2013
All,Up,Get,Fri Nov 22 07:27:14 2013
All,Down,Lab,Fri Nov 22 12:12:54 2013
All,Up,Lab,Fri Nov 22 12:13:17 2013
All,Up,Lab,Fri Nov 22 12:25:09 2013
All,Down,Get,Sat Nov 23 12:19:42 2013
All,Up,Get,Sun Nov 24 09:36:26 2013
All,Up,Get,Mon Nov 25 02:21:39 2013
All,Up,Get,Mon Nov 25 09:28:58 2013
All,Up,Get,Tue Nov 26 00:43:30 2013
config,Down,Lab,Tue Nov 26 11:07:22 2013
All,Up,Lab,Tue Nov 26 11:07:43 2013
All,Down,Get,Wed Nov 27 04:06:31 2013
All,Up,Get,Wed Nov 27 09:21:43 2013
All,Down,Get,Wed Nov 27 18:21:03 2013
All,Up,Get,Thu Nov 28 01:44:59 2013
All,Up,Get,Thu Nov 28 11:39:36 2013
All,Down,Lab,Thu Nov 28 15:16:08 2013
All,Up,Lab,Thu Nov 28 15:16:45 2013
All,Down,Get,Thu Nov 28 22:38:10 2013
All,Up,Get,Fri Nov 29 07:19:53 2013
All,Down,Lab,Fri Nov 29 10:32:47 2013
All,Up,Lab,Fri Nov 29 16:04:15 2013
All,Up,Lab,Fri Nov 29 17:50:15 2013
All,Down,Get,Sun Dec 01 12:45:27 2013
All,Up,Get,Sun Dec 01 12:45:36 2013
All,Up,Get,Tue Dec 03 10:53:50 2013
All,Down,Lab,Tue Dec 03 10:57:31 2013
All,Up,Lab,Tue Dec 03 11:10:17 2013
All,Down,Get,Wed Dec 04 23:24:36 2013
All,Down,Get,Wed Dec 04 23:24:48 2013
All,Up,Get,Thu Dec 05 11:29:07 2013
All,Up,Get,Fri Dec 06 00:08:38 2013
All,Up,Get,Fri Dec 06 10:35:50 2013
All,Down,Lab,Fri Dec 06 14:34:31 2013
MGL,Up,Lab,Fri Dec 06 14:35:44 2013
All,Down,Lab,Mon Dec 09 13:05:49 2013
All,Up,Get,Mon Dec 09 23:50:18 2013
All,Down,Lab,Tue Dec 10 10:57:30 2013
All,Up,Get,Tue Dec 10 11:04:14 2013
All,Up,Get,Wed Dec 11 20:29:36 2013
All,Up,Get,Wed Dec 11 20:29:38 2013
All,Up,Get,Sun Dec 15 05:11:08 2013
All,Up,Get,Mon Dec 16 09:27:41 2013
All,Up,Get,Fri Dec 20 01:31:11 2013
All,Up,Get,Sat Dec 21 00:05:34 2013
All,Up,Get,Wed Dec 25 22:18:25 2013
All,Up,Get,Thu Dec 26 04:48:38 2013
All,Up,Get,Fri Dec 27 02:31:30 2013
All,Up,Get,Sat Dec 28 02:41:33 2013
All,Up,Get,Sun Dec 29 03:53:46 2013
All,Up,Get,Tue Dec 31 02:57:48 2013
All,Up,Get,Sun Jan 05 02:54:10 2014
All,Up,Get,Mon Jan 06 03:37:50 2014
All,Up,Get,Mon Jan 06 09:20:10 2014
All,Up,Get,Tue Jan 07 01:45:52 2014
All,Up,Get,Tue Jan 07 01:47:34 2014
All,Up,Get,Tue Jan 07 17:58:05 2014
All,Up,Get,Wed Jan 08 11:41:14 2014
All,Up,Get,Thu Jan 09 02:30:10 2014
All,Up,Get,Thu Jan 09 02:44:50 2014
All,Up,Get,Thu Jan 09 11:17:43 2014
All,Down,Lab,Thu Jan 09 15:49:45 2014
All,Up,Lab,Thu Jan 09 16:16:49 2014
All,Up,Lab,Thu Jan 09 18:16:24 2014
All,Down,Get,Thu Jan 09 22:28:10 2014
All,Up,Get,Fri Jan 10 07:24:42 2014
All,Down,Lab,Fri Jan 10 15:06:52 2014
All,Up,Lab,Fri Jan 10 15:07:04 2014
All,Up,Lab,Fri Jan 10 20:44:45 2014
All,Down,Get,Fri Jan 10 23:31:12 2014
RoLC,Down,Get,Fri Jan 10 23:31:54 2014
All,Up,Get,Sun Jan 12 01:18:43 2014
All,Up,Get,Mon Jan 13 03:16:21 2014
All,Up,Get,Tue Jan 14 05:26:40 2014
All,Up,Get,Wed Jan 15 00:05:25 2014
All,Up,Get,Wed Jan 15 00:07:38 2014
All,Up,Get,Wed Jan 15 09:38:23 2014
All,Up,Lab,Wed Jan 15 20:19:32 2014
All,Up,Get,Fri Jan 17 02:57:19 2014
All,Up,Lab,Fri Jan 17 16:56:04 2014
All,Down,Lab,Fri Jan 17 16:56:12 2014
All,Up,Lab,Fri Jan 17 17:00:13 2014
All,Down,Get,Fri Jan 17 22:34:58 2014
config,Down,Pi,Sat Jan 18 12:58:45 JST 2014
All,Up,Get,Sun Jan 19 02:59:06 2014
All,Down,Lab,Mon Jan 20 13:57:11 2014
All,Up,Get,Mon Jan 20 14:11:45 2014
All,Down,Lab,Mon Jan 20 14:12:07 2014
All,Up,Lab,Mon Jan 20 17:11:36 2014
All,Up,Get,Tue Jan 21 01:39:17 2014
All,Down,Lab,Tue Jan 21 15:57:18 2014
All,Down,Get,Wed Jan 22 13:10:50 2014
All,Up,Get,Wed Jan 22 13:11:50 2014
All,Up,Get,Thu Jan 23 02:45:16 2014
All,Up,Get,Thu Jan 23 11:22:25 2014
All,Down,Lab,Thu Jan 23 16:25:54 2014
All,Up,Get,Fri Jan 24 03:04:19 2014
All,Up,Get,Sat Jan 25 02:25:51 2014
All,Up,Get,Mon Jan 27 03:09:24 2014
All,Up,Get,Tue Jan 28 01:02:35 2014
All,Down,Lab,Tue Jan 28 13:31:22 2014
All,Up,Lab,Tue Jan 28 16:22:19 2014
All,Down,Get,Tue Jan 28 23:27:06 2014
All,Up,Get,Wed Jan 29 11:52:23 2014
All,Up,Get,Thu Jan 30 02:41:29 2014
All,Up,Get,Fri Jan 31 02:35:58 2014
All,Down,Get,Fri Jan 31 23:34:44 2014
All,Up,Get,Sat Feb 01 01:44:09 2014
All,Up,Get,Sun Feb 02 10:43:32 2014
All,Up,Get,Mon Feb 03 02:32:55 2014
All,Up,Get,Mon Feb 03 09:58:52 2014
All,Down,Lab,Mon Feb 03 13:16:29 2014
All,Up,Get,Tue Feb 04 00:49:21 2014
All,Up,Get,Wed Feb 05 02:36:48 2014
All,Up,Get,Wed Feb 05 11:18:57 2014
All,Down,Get,Wed Feb 05 22:57:43 2014
All,Up,Get,Wed Feb 05 22:58:27 2014
All,Up,Get,Thu Feb 06 01:36:08 2014
All,Up,Get,Fri Feb 07 07:54:51 2014
All,Down,Lab,Fri Feb 07 14:33:53 2014
All,Up,Get,Sat Feb 08 00:15:44 2014
All,Up,Get,Sun Feb 09 02:39:05 2014
All,Up,Get,Mon Feb 10 02:05:52 2014
All,Down,Lab,Mon Feb 10 13:59:12 2014
All,Up,Get,Tue Feb 11 07:03:41 2014
All,Up,Get,Tue Feb 11 08:09:17 2014
All,Up,Get,Wed Feb 12 03:37:28 2014
All,Up,Get,Wed Feb 12 10:44:01 2014
All,Up,Get,Thu Feb 13 02:27:26 2014
All,Up,Get,Thu Feb 13 02:28:03 2014
All,Down,Lab,Thu Feb 13 13:33:05 2014
All,Up,Get,Fri Feb 14 02:40:08 2014
All,Up,Get,Sat Feb 15 19:01:36 2014
All,Down,Get,Sat Feb 15 21:23:57 2014
All,Down,Get,Sun Feb 16 23:00:59 2014
All,Down,Lab,Wed Feb 19 11:44:18 2014
All,Down,Lab,Wed Feb 19 11:47:03 2014
All,Down,Lab,Wed Feb 19 11:47:49 2014
All,Up,Get,Thu Feb 20 09:36:48 2014
All,Down,Lab,Thu Feb 20 10:40:47 2014
All,Up,Get,Fri Feb 21 07:59:01 2014
All,Up,Lab,Sat Feb 22 09:31:07 2014
All,Up,Lab,Sat Feb 22 10:11:05 2014
All,Up,Lab,Sat Feb 22 10:11:28 2014
All,Down,Get,Sun Feb 23 06:49:07 2014
All,Up,Get,Sun Feb 23 07:22:24 2014
All,Up,Get,Tue Feb 25 03:35:14 2014
All,Down,Lab,Tue Feb 25 12:26:45 2014
All,Down,Get,Wed Feb 26 00:45:36 2014
All,Down,Get,Wed Feb 26 00:47:14 2014
Ruinas,Down,Get,Wed Feb 26 00:49:22 2014
RoL,Down,Get,Wed Feb 26 00:49:25 2014
All,Down,Get,Wed Feb 26 00:53:33 2014
th135,Down,Get,Wed Feb 26 00:53:39 2014
th135,Up,Get,Wed Feb 26 00:54:01 2014
All,Up,Get,Wed Feb 26 01:00:24 2014
All,Up,Get,Wed Feb 26 08:07:16 2014
All,Down,Lab,Wed Feb 26 09:10:29 2014
All,Up,Lab,Thu Feb 27 00:01:03 2014
All,Down,Get,Thu Feb 27 00:01:35 2014
All,Up,Get,Fri Feb 28 08:07:55 2014
All,Up,Get,Sun Mar 02 05:51:21 2014
All,Up,Get,Mon Mar 03 01:26:15 2014
All,Up,Get,Mon Mar 03 12:06:03 2014
All,Down,Lab,Mon Mar 03 12:06:35 2014
All,Up,Get,Tue Mar 04 04:28:55 2014
All,Down,Get,Wed Mar 05 01:45:15 2014
All,Up,Get,Wed Mar 05 01:45:21 2014
All,Up,Get,Thu Mar 06 01:57:26 2014
All,Up,Get,Fri Mar 07 00:47:13 2014
All,Up,Get,Sun Mar 09 01:52:11 2014
All,Up,Get,Sun Mar 09 11:43:10 2014
All,Up,Get,Mon Mar 10 04:01:02 2014
All,Up,Get,Fri Mar 14 02:29:11 2014
All,Up,Get,Fri Mar 14 02:29:16 2014
All,Up,Get,Sat Mar 15 04:00:19 2014
All,Up,Get,Sun Mar 16 03:25:10 2014
All,Up,Get,Mon Mar 17 02:48:27 2014
All,Up,Get,Tue Mar 18 02:28:09 2014
All,Up,Get,Wed Mar 19 03:49:33 2014
All,Up,Get,Sat Mar 22 02:58:56 2014
All,Up,Get,Sun Mar 23 03:41:57 2014
All,Up,Get,Mon Mar 24 03:00:42 2014
All,Up,Get,Mon Mar 24 11:38:01 2014
All,Up,Get,Tue Mar 25 02:15:41 2014
All,Up,Get,Wed Mar 26 03:27:05 2014
All,Up,Get,Sat Mar 29 03:02:16 2014
All,Up,Get,Sun Mar 30 01:47:28 2014
All,Up,Get,Mon Mar 31 02:38:48 2014
All,Up,Get,Tue Apr 01 01:08:17 2014
All,Up,Get,Tue Apr 01 06:33:52 2014
All,Up,Get,Tue Apr 01 23:55:36 2014
All,Up,Get,Wed Apr 02 06:25:13 2014
All,Up,Get,Fri Apr 04 01:18:02 2014
All,Up,Get,Sun Apr 06 01:46:05 2014
All,Up,Get,Sun Apr 06 16:10:37 2014
All,Up,Get,Mon Apr 07 00:43:08 2014
All,Up,Get,Wed Apr 09 00:39:44 2014
All,Up,Get,Thu Apr 10 06:21:25 2014
All,Up,Get,Fri Apr 11 06:23:44 2014
All,Up,Get,Sat Apr 12 02:43:57 2014
All,Up,Get,Sun Apr 13 01:59:47 2014
All,Down,Get8,Sun Jul 27 11:21:51 2014
MGL,Down,Get8,Sun Jul 27 13:58:00 2014
jane,Down,Get8,Sun Aug 03 22:45:09 2014
jane,Down,Get8,Sun Aug 03 22:45:28 2014
config,Down,Get8,Mon Aug 04 00:27:13 2014
All,Down,Get8,Mon Aug 04 02:58:00 2014
All,Up,Get8,Mon Aug 04 03:03:54 2014
All,Up,Get8,Mon Aug 04 03:25:10 2014
All,Up,Get8,Mon Aug 04 23:53:27 2014
All,Up,Get8,Thu Aug 07 07:50:20 2014
elona,Up,Get8,Sat Aug 09 03:34:46 2014
All,Up,Get8,Sat Aug 09 04:36:57 2014
All,Up,Get8,Sun Aug 10 14:21:57 2014
All,Up,Get8,Mon Aug 11 01:33:24 2014
All,Up,Get8,Tue Aug 12 00:41:44 2014
All,Up,Get8,Thu Aug 14 11:10:15 2014
All,Up,Get8,Mon Aug 18 07:39:45 2014
All,Up,Get8,Tue Aug 19 07:45:05 2014
All,Up,Get8,Wed Aug 20 01:05:16 2014
All,Up,Get8,Thu Aug 21 01:05:11 2014
All,Up,Get8,Fri Aug 22 00:49:24 2014
All,Up,Get8,Fri Aug 22 07:47:02 2014
All,Up,Get8,Sat Aug 23 21:26:08 2014
All,Up,Get8,Sun Aug 24 02:04:58 2014
All,Up,Get8,Sun Aug 24 16:28:24 2014
All,Up,Get8,Mon Aug 25 00:59:30 2014
All,Up,Get8,Tue Aug 26 00:43:51 2014
All,Up,Get8,Fri Aug 29 01:01:56 2014
All,Up,Get8,Sun Aug 31 05:48:44 2014
All,Up,Get8,Sun Aug 31 16:11:08 2014
All,Up,Get8,Mon Sep 01 02:09:31 2014
All,Up,Get8,Fri Sep 05 00:10:07 2014
All,Up,Get8,Sat Sep 06 03:02:35 2014
PDLO,Up,Get8,Sat Sep 06 14:51:09 2014
All,Up,Get8,Sat Sep 06 14:51:20 2014
All,Up,Get8,Tue Sep 09 03:06:48 2014
All,Up,Get8,Thu Sep 11 00:22:10 2014
All,Up,Get8,Sat Sep 13 09:30:41 2014
All,Up,Get8,Thu Sep 18 00:33:44 2014
mine,Down,Get8,Thu Sep 18 23:29:15 2014
Minecraft,Down,Get8,Thu Sep 18 23:30:13 2014
All,Up,Get8,Sat Sep 20 07:41:30 2014
All,Up,Get8,Mon Sep 22 01:20:40 2014
All,Up,Get8,Wed Sep 24 14:44:16 2014
All,Up,Get8,Thu Sep 25 00:12:43 2014
All,Up,Get8,Thu Sep 25 07:39:40 2014
All,Up,Get8,Fri Sep 26 01:43:21 2014
All,Up,Get8,Sun Sep 28 01:57:38 2014
All,Up,Get8,Mon Sep 29 02:10:58 2014
All,Up,Get8,Tue Sep 30 00:50:14 2014
All,Up,Get8,Tue Oct 07 01:38:14 2014
katamichi,Down,Get8,Mon Oct 20 01:07:44 2014
All,Up,Get8,Tue Oct 21 00:50:43 2014
All,Up,Get8,Wed Oct 22 07:40:52 2014
All,Up,Get8,Thu Oct 23 00:10:17 2014
All,Up,Get8,Fri Oct 24 01:04:24 2014
All,Up,Get8,Fri Oct 24 07:41:41 2014
All,Up,Get8,Fri Oct 24 14:48:28 2014
All,Up,Get8,Sun Oct 26 08:29:09 2014
All,Up,Get8,Tue Oct 28 01:45:22 2014
All,Up,Get8,Tue Oct 28 07:50:45 2014
All,Up,Get8,Thu Oct 30 01:24:13 2014
All,Up,Get8,Thu Oct 30 01:28:12 2014
All,Up,Get8,Thu Oct 30 01:42:48 2014
All,Up,Get8,Fri Oct 31 02:54:46 2014
All,Up,Get8,Fri Oct 31 07:43:01 2014
All,Up,Get8,Sat Nov 01 00:49:08 2014
All,Up,Get8,Tue Nov 04 03:29:38 2014
All,Up,Get8,Tue Nov 04 07:46:02 2014
All,Up,Get8,Wed Nov 05 01:19:27 2014
All,Up,Get8,Wed Nov 05 07:39:57 2014
All,Up,Get8,Thu Nov 06 01:25:48 2014
All,Up,Get8,Fri Nov 07 01:58:01 2014
All,Up,Get8,Fri Nov 07 07:49:52 2014
All,Up,Get8,Sat Nov 08 02:22:10 2014
All,Up,Get8,Sun Nov 09 13:47:20 2014
All,Up,Get8,Mon Nov 10 01:19:39 2014
All,Up,Get8,Mon Nov 10 07:42:37 2014
All,Up,Get8,Tue Nov 11 01:45:03 2014
All,Up,Get8,Tue Nov 11 07:41:44 2014
All,Up,Get8,Wed Nov 12 01:05:43 2014
All,Up,Get8,Wed Nov 12 01:42:57 2014
All,Up,Get8,Wed Nov 12 07:43:21 2014
All,Up,Get8,Fri Nov 14 07:41:16 2014
All,Up,Get8,Sat Nov 15 01:26:39 2014
All,Up,Get8,Sat Nov 15 08:05:18 2014
All,Up,Get8,Sun Nov 16 16:53:16 2014
All,Up,Get8,Mon Nov 17 00:43:11 2014
All,Up,Get8,Mon Nov 17 07:45:51 2014
All,Up,Get8,Tue Nov 18 01:52:52 2014
All,Up,Get8,Tue Nov 18 07:44:03 2014
All,Up,Get8,Wed Nov 19 01:03:25 2014
All,Up,Get8,Wed Nov 19 07:44:41 2014
All,Up,Get8,Wed Nov 19 07:44:44 2014
All,Up,Get8,Thu Nov 20 07:44:53 2014
All,Up,Get8,Fri Nov 21 07:50:09 2014
All,Up,Get8,Sat Nov 22 01:01:38 2014
All,Up,Get8,Sat Nov 22 14:34:03 2014
All,Up,Get8,Mon Nov 24 01:09:20 2014
All,Up,Get8,Mon Nov 24 07:46:11 2014
All,Up,Get8,Tue Nov 25 07:48:06 2014
All,Up,Get8,Wed Nov 26 10:23:09 2014
All,Up,Get8,Wed Nov 26 15:38:18 2014
All,Up,Get8,Thu Nov 27 02:42:26 2014
All,Up,Get8,Thu Nov 27 13:11:01 2014
All,Up,Get8,Fri Nov 28 00:33:41 2014
All,Up,Get8,Fri Nov 28 07:38:08 2014
All,Up,Get8,Sat Nov 29 01:51:58 2014
All,Up,Get8,Sat Nov 29 07:41:00 2014
All,Up,Get8,Sun Nov 30 01:19:55 2014
All,Up,Get8,Sun Nov 30 07:38:04 2014
All,Up,Get8,Sun Nov 30 07:40:31 2014
All,Up,Get8,Mon Dec 01 00:57:18 2014
All,Up,Get8,Tue Dec 02 02:08:17 2014
All,Up,Get8,Tue Dec 02 07:32:31 2014
All,Up,Get8,Wed Dec 03 00:55:01 2014
All,Down,Get8,Wed Dec 03 00:55:20 2014
All,Up,Get8,Wed Dec 03 00:55:28 2014
All,Up,Get8,Wed Dec 03 00:55:33 2014
All,Up,Get8,Wed Dec 03 01:22:17 2014
All,Up,Get8,Wed Dec 03 07:43:58 2014
All,Up,Get8,Thu Dec 04 01:33:05 2014
All,Up,Get8,Thu Dec 04 07:40:29 2014
All,Up,Get8,Fri Dec 05 00:48:03 2014
All,Up,Get8,Sat Dec 06 11:43:35 2014
All,Up,Get8,Sun Dec 07 01:56:36 2014
All,Up,Get8,Sun Dec 07 18:42:22 2014
All,Up,Get8,Sun Dec 07 21:00:05 2014
JoyToKey,Up,Get8,Sun Dec 07 21:41:50 2014
VbWinPos,Up,Get8,Sun Dec 07 21:43:42 2014
All,Up,Get8,Sun Dec 07 22:04:17 2014
config,Down,Get8,Mon Dec 08 06:34:11 2014
MGL,Down,Get8,Mon Dec 08 07:12:53 2014
jane,Down,Get8,Mon Dec 08 23:31:25 2014
config,Down,Get8,Wed Dec 10 22:32:08 2014
MGL,Down,Get8,Wed Dec 10 22:32:11 2014
jane,Down,Get8,Wed Dec 10 22:32:13 2014
RoL,Down,Get8,Wed Dec 10 22:32:19 2014
th123,Down,Get8,Wed Dec 10 22:32:25 2014
th135,Down,Get8,Wed Dec 10 22:32:33 2014
elona,Down,Get8,Wed Dec 10 22:33:38 2014
Minecraft,Down,Get8,Wed Dec 10 22:33:50 2014
katamichi,Down,Get8,Wed Dec 10 22:33:55 2014
papers,Down,Get8,Wed Dec 10 22:33:59 2014
VbWinPos,Down,Get8,Wed Dec 10 22:34:05 2014
JoyToKey,Down,Get8,Wed Dec 10 22:53:32 2014
PDLO,Down,Get8,Thu Dec 11 01:51:55 2014
RoLC,Down,Get8,Thu Dec 11 01:52:03 2014
Ruinas,Down,Get8,Thu Dec 11 12:10:20 2014
All,Up,Get8,Thu Dec 11 17:17:35 2014
All,Up,Get8,Fri Dec 12 04:18:14 2014
All,Up,Get8,Fri Dec 12 14:19:11 2014
All,Up,Get8,Fri Dec 12 19:16:07 2014
All,Up,Get8,Sat Dec 13 12:32:09 2014
All,Up,Get8,Sat Dec 13 19:35:12 2014
All,Up,Get8,Sun Dec 14 09:02:17 2014
All,Up,Get8,Sun Dec 14 16:50:04 2014
All,Up,Get8,Sun Dec 14 18:33:35 2014
All,Up,Get8,Mon Dec 15 09:55:07 2014
All,Up,Get8,Mon Dec 15 12:52:32 2014
All,Up,Get8,Mon Dec 15 16:07:22 2014
All,Up,Get8,Wed Dec 17 19:17:11 2014
All,Up,Get8,Thu Dec 18 17:25:29 2014
All,Up,Get8,Fri Dec 19 17:35:02 2014
All,Up,Get8,Sat Dec 20 13:49:21 2014
All,Up,Get8,Sun Dec 21 10:25:22 2014
All,Up,Get8,Tue Dec 23 00:15:29 2014
All,Up,Get8,Tue Dec 23 07:33:59 2014
All,Up,Get8,Wed Dec 24 06:30:51 2014
All,Up,Get8,Thu Dec 25 01:25:14 2014
All,Up,Get8,Thu Dec 25 07:28:39 2014
All,Up,Get8,Fri Dec 26 07:25:28 2014
All,Up,Get8,Sat Dec 27 00:35:45 2014
All,Up,Get8,Sun Dec 28 07:28:59 2014
All,Up,Get8,Mon Dec 29 09:07:52 2014
All,Up,Get8,Tue Dec 30 00:06:05 2014
All,Up,Get8,Wed Dec 31 07:32:58 2014
All,Up,Get8,Wed Dec 31 23:53:23 2014
All,Up,Get8,Fri Jan 02 00:59:27 2015
All,Up,Get8,Fri Jan 02 08:55:20 2015
All,Up,Get8,Sat Jan 03 18:16:53 2015
All,Up,Get8,Tue Jan 06 19:19:32 2015
All,Up,Get8,Thu Jan 08 14:30:54 2015
All,Up,Get8,Fri Jan 09 14:48:41 2015
All,Up,Get8,Sun Jan 11 19:24:15 2015
All,Up,Get8,Tue Jan 13 14:52:34 2015
All,Up,Get8,Wed Jan 14 15:15:42 2015
All,Up,Get8,Wed Jan 14 19:25:20 2015
All,Up,Get8,Thu Jan 15 14:21:41 2015
All,Up,Get8,Thu Jan 15 17:25:07 2015
All,Up,Get8,Sat Jan 17 07:27:56 2015
All,Up,Get8,Sun Jan 18 01:14:27 2015
All,Up,Get8,Mon Jan 19 02:12:28 2015
All,Up,Get8,Tue Jan 20 02:59:51 2015
All,Up,Get8,Tue Jan 20 07:25:49 2015
All,Up,Get8,Wed Jan 21 04:55:12 2015
All,Up,Get8,Thu Jan 22 17:13:01 2015
All,Up,Get8,Fri Jan 23 03:51:11 2015
All,Up,Get8,Sat Jan 24 07:31:32 2015
All,Up,Get8,Sun Jan 25 01:32:12 2015
All,Up,Get8,Sun Jan 25 07:30:06 2015
All,Up,Get8,Thu Jan 29 07:32:07 2015
All,Up,Get8,Sun Feb 01 14:51:55 2015
All,Up,Get8,Thu Feb 05 17:21:45 2015
All,Up,Get8,Fri Feb 06 01:29:44 2015
All,Up,Get8,Fri Feb 06 07:27:30 2015
All,Up,Get8,Sat Feb 07 07:29:32 2015
All,Up,Get8,Sun Feb 08 00:44:33 2015
All,Up,Get8,Sun Feb 08 07:30:41 2015
All,Up,Get8,Mon Feb 09 05:31:36 2015
All,Up,Get8,Wed Feb 11 19:21:30 2015
All,Up,Get8,Wed Feb 11 19:21:56 2015
All,Up,Get8,Thu Feb 12 13:08:05 2015
All,Up,Get8,Thu Feb 12 19:33:13 2015
All,Up,Get8,Sat Feb 14 01:20:17 2015
All,Up,Get8,Sat Feb 14 11:24:16 2015
All,Up,Get8,Sun Feb 15 19:30:03 2015
All,Up,Get8,Tue Feb 17 01:51:51 2015
All,Up,Get8,Tue Feb 17 13:03:02 2015
All,Up,Get8,Wed Feb 18 17:08:22 2015
All,Up,Get8,Wed Feb 18 21:47:58 2015
All,Up,Get8,Thu Feb 19 17:17:23 2015
All,Up,Get8,Fri Feb 20 07:30:18 2015
All,Up,Get8,Sat Feb 21 07:29:00 2015
All,Up,Get8,Sun Feb 22 02:30:23 2015
All,Up,Get8,Mon Feb 23 07:15:45 2015
All,Up,Get8,Wed Feb 25 02:26:44 2015
All,Up,Get8,Wed Feb 25 07:37:48 2015
All,Up,Get8,Thu Feb 26 07:32:26 2015
All,Up,Get8,Sun Mar 01 03:06:06 2015
All,Up,Get8,Sun Mar 01 09:45:28 2015
All,Up,Get8,Sun Mar 01 09:46:54 2015
All,Up,Get8,Mon Mar 02 03:23:48 2015
All,Up,Get8,Mon Mar 02 15:07:52 2015
All,Up,Get8,Mon Mar 02 15:08:52 2015
All,Up,Get8,Tue Mar 03 19:30:26 2015
All,Up,Get8,Sat Mar 07 16:41:52 2015
All,Up,Get8,Sat Mar 07 19:29:17 2015
All,Up,Get8,Sun Mar 08 14:53:45 2015
All,Up,Get8,Wed Mar 11 17:12:00 2015
All,Up,Get8,Wed Mar 11 19:33:51 2015
All,Up,Get8,Sat Mar 14 10:28:57 2015
All,Up,Get8,Sun Mar 15 02:53:11 2015
All,Up,Get8,Sun Mar 15 14:22:15 2015
All,Up,Get8,Sun Mar 15 20:54:41 2015
All,Up,Get8,Mon Mar 16 02:05:18 2015
All,Up,Get8,Mon Mar 16 07:34:50 2015
All,Up,Get8,Wed Mar 18 18:04:24 2015
All,Up,Get8,Fri Mar 20 02:21:35 2015
All,Up,Get8,Fri Mar 20 07:28:49 2015
All,Up,Get8,Mon Mar 23 02:43:58 2015
All,Up,Get8,Mon Mar 23 12:24:51 2015
All,Up,Get8,Tue Mar 24 01:51:46 2015
All,Up,Get8,Tue Mar 24 07:32:50 2015
All,Up,Get8,Wed Mar 25 07:32:01 2015
All,Up,Get8,Thu Mar 26 07:32:33 2015
All,Up,Get8,Sun Mar 29 17:20:16 2015
All,Up,Get8,Mon Mar 30 19:36:50 2015
All,Up,Get8,Tue Mar 31 19:28:46 2015
All,Up,Get8,Thu Apr 02 17:20:16 2015
All,Up,Get8,Fri Apr 03 19:31:50 2015
All,Up,Get8,Sat Apr 04 19:31:32 2015
All,Up,Get8,Mon Apr 06 13:20:52 2015
All,Up,Get8,Tue Apr 07 02:21:49 2015
All,Up,Get8,Wed Apr 08 19:29:06 2015
All,Up,Get8,Sat Apr 11 07:13:33 2015
All,Up,Get8,Mon Apr 13 04:39:59 2015
All,Up,Get8,Mon Apr 13 07:33:37 2015
All,Up,Get8,Wed Apr 15 15:13:05 2015
All,Up,Get8,Thu Apr 16 17:19:40 2015
All,Up,Get8,Sat Apr 18 07:35:02 2015
All,Up,Get8,Sun Apr 19 07:30:32 2015
All,Up,Get8,Tue Apr 21 15:44:11 2015
All,Up,Get8,Wed Apr 22 07:37:36 2015
All,Up,Get8,Fri Apr 24 13:47:39 2015
All,Up,Get8,Mon Apr 27 19:32:08 2015
All,Up,Get8,Thu Apr 30 17:34:33 2015
All,Up,Get8,Fri May 01 19:32:24 2015
All,Up,Get8,Fri May 01 19:32:55 2015
All,Up,Get8,Fri May 01 19:33:36 2015
All,Up,Get8,Fri May 01 19:33:44 2015
All,Up,Get8,Fri May 01 19:33:48 2015
All,Up,Get8,Fri May 01 19:34:01 2015
All,Up,Get8,Sat May 02 19:34:00 2015
All,Up,Get8,Sun May 03 19:37:45 2015
All,Up,Get8,Wed May 06 19:38:48 2015
All,Up,Get8,Thu May 07 17:14:50 2015
All,Up,Get8,Sun May 10 17:52:24 2015
All,Up,Get8,Mon May 11 07:37:24 2015
All,Up,Get8,Wed May 13 07:35:56 2015
All,Up,Get8,Thu May 14 02:24:38 2015
All,Up,Get8,Thu May 14 07:33:52 2015
All,Up,Get8,Fri May 15 07:33:34 2015
All,Up,Get8,Sat May 16 07:39:35 2015
All,Up,Get8,Tue May 19 15:37:35 2015
All,Up,Get8,Wed May 20 12:25:41 2015
All,Up,Get8,Wed May 20 19:38:22 2015
All,Up,Get8,Wed May 20 19:42:05 2015
All,Up,Get8,Fri May 22 23:40:07 2015
All,Up,Get8,Sat May 23 09:28:49 2015
All,Up,Get8,Sun May 24 02:30:18 2015
All,Up,Get8,Sun May 24 02:48:33 2015
All,Up,Get8,Sun May 24 14:24:50 2015
All,Up,Get8,Mon May 25 19:38:39 2015
All,Up,Get8,Tue May 26 16:35:51 2015
All,Up,Get8,Thu May 28 07:43:02 2015
All,Up,Get8,Fri May 29 13:55:33 2015
All,Up,Get8,Fri May 29 19:34:39 2015
All,Up,Get8,Sat May 30 19:41:22 2015
All,Up,Get8,Sun May 31 19:38:26 2015
All,Up,Get8,Mon Jun 01 17:14:58 2015
All,Up,Get8,Wed Jun 03 19:32:40 2015
All,Up,Get8,Thu Jun 04 11:33:11 2015
All,Up,Get8,Thu Jun 04 17:15:27 2015
All,Up,Get8,Sun Jun 07 09:39:37 2015
All,Up,Get8,Mon Jun 08 04:10:36 2015
All,Up,Get8,Mon Jun 08 07:37:43 2015
All,Up,Get8,Mon Jun 08 07:37:51 2015
All,Up,Get8,Wed Jun 10 20:47:59 2015
All,Up,Get8,Thu Jun 11 10:22:11 2015
All,Up,Get8,Fri Jun 12 02:58:09 2015
All,Up,Get8,Sat Jun 13 03:41:14 2015
All,Up,Get8,Sat Jun 13 07:38:48 2015
All,Up,Get8,Sun Jun 14 07:26:31 2015
All,Up,Get8,Mon Jun 15 13:04:41 2015
All,Up,Get8,Thu Jun 18 07:33:14 2015
All,Up,Get8,Fri Jun 19 01:12:36 2015
All,Up,Get8,Fri Jun 19 01:23:34 2015
All,Up,Get8,Sat Jun 20 12:24:13 2015
All,Up,Get8,Sat Jun 20 20:38:04 2015
th,Up,Get8,Sat Jun 20 22:51:32 2015
All,Up,Get8,Mon Jun 22 02:21:15 2015
All,Up,Get8,Mon Jun 22 06:48:01 2015
All,Up,Get8,Tue Jun 23 06:48:21 2015
All,Up,Get8,Wed Jun 24 02:16:58 2015
All,Up,Get8,Wed Jun 24 07:08:07 2015
All,Up,Get8,Wed Jun 24 07:10:48 2015
All,Up,Get8,Thu Jun 25 07:21:36 2015
All,Up,Get8,Fri Jun 26 19:34:45 2015
All,Up,Get8,Sun Jun 28 19:35:56 2015
All,Up,Get8,Tue Jun 30 08:44:27 2015
All,Up,Get8,Wed Jul 01 19:42:31 2015
All,Up,Get8,Thu Jul 02 17:18:55 2015
All,Up,Get8,Fri Jul 03 18:53:41 2015
All,Up,Get8,Sat Jul 04 16:36:15 2015
All,Up,Get8,Sun Jul 05 14:11:50 2015
All,Up,Get8,Mon Jul 06 01:24:59 2015
All,Up,Get8,Tue Jul 07 10:26:03 2015
All,Up,Get8,Thu Jul 09 13:20:24 2015
All,Up,Get8,Thu Jul 09 13:23:23 2015
All,Up,Get8,Thu Jul 09 13:24:35 2015
All,Up,Get8,Thu Jul 09 13:26:27 2015
All,Up,Get8,Thu Jul 09 13:27:16 2015
All,Up,Get8,Thu Jul 09 13:27:54 2015
All,Up,Get8,Thu Jul 09 13:28:32 2015
All,Up,Get8,Thu Jul 09 13:29:11 2015
All,Up,Get8,Thu Jul 09 13:29:25 2015
All,Up,Get8,Thu Jul 09 13:29:38 2015
All,Up,Get8,Thu Jul 09 13:30:07 2015
All,Up,Get8,Thu Jul 09 13:30:22 2015
All,Up,Get8,Thu Jul 09 13:30:45 2015
All,Up,Get8,Thu Jul 09 13:30:47 2015
All,Up,Get8,Thu Jul 09 13:31:04 2015
All,Up,Get8,Thu Jul 09 13:32:10 2015
All,Up,Get8,Thu Jul 09 13:32:25 2015
All,Up,Get8,Thu Jul 09 13:32:45 2015
All,Up,Get8,Thu Jul 09 13:34:04 2015
All,Up,Get8,Thu Jul 09 13:34:26 2015
All,Up,Get8,Thu Jul 09 13:34:49 2015
All,Up,Get8,Thu Jul 09 13:35:02 2015
All,Up,Get8,Thu Jul 09 13:35:15 2015
All,Up,Get8,Thu Jul 09 13:35:23 2015
All,Up,Get8,Thu Jul 09 13:35:57 2015
All,Up,Get8,Thu Jul 09 13:37:24 2015
All,Up,Get8,Thu Jul 09 13:46:05 2015
All,Up,Get8,Thu Jul 09 13:46:58 2015
All,Up,Get8,Thu Jul 09 13:47:39 2015
All,Up,Get8,Thu Jul 09 13:50:03 2015
All,Up,Get8,Thu Jul 09 13:50:34 2015
All,Up,Get8,Thu Jul 09 13:50:48 2015
All,Up,Get8,Thu Jul 09 13:51:11 2015
All,Up,Get8,Thu Jul 09 13:51:22 2015
All,Up,Get8,Thu Jul 09 13:51:44 2015
All,Up,Get8,Thu Jul 09 13:51:55 2015
All,Up,Get8,Thu Jul 09 13:52:27 2015
All,Up,Get8,Thu Jul 09 13:52:35 2015
All,Up,Get8,Thu Jul 09 13:52:38 2015
All,Up,Get8,Thu Jul 09 13:52:56 2015
All,Up,Get8,Thu Jul 09 13:53:10 2015
All,Up,Get8,Thu Jul 09 13:53:27 2015
All,Up,Get8,Thu Jul 09 13:53:51 2015
All,Up,Get8,Thu Jul 09 13:56:41 2015
All,Up,Get8,Thu Jul 09 13:57:11 2015
All,Up,Get8,Thu Jul 09 13:58:15 2015
All,Up,Get8,Thu Jul 09 13:58:22 2015
All,Up,Get8,Thu Jul 09 17:17:06 2015
All,Up,Get8,Sat Jul 11 07:48:26 2015
All,Up,Get8,Sat Jul 11 07:48:29 2015
All,Up,Get8,Mon Jul 13 07:44:48 2015
All,Up,Get8,Mon Jul 13 13:42:23 2015
All,Up,Get8,Mon Jul 13 17:35:31 2015
All,Up,Get8,Tue Jul 14 15:11:54 2015
All,Up,Get8,Wed Jul 15 07:45:38 2015
All,Up,Get8,Thu Jul 16 07:40:27 2015
All,Up,Get8,Fri Jul 17 12:33:12 2015
All,Up,Get8,Sun Jul 19 05:05:23 2015
All,Up,Get8,Mon Jul 20 19:36:51 2015
All,Up,Get8,Tue Jul 21 19:37:45 2015
All,Up,Get8,Thu Jul 23 16:45:28 2015
All,Up,Get8,Fri Jul 24 02:56:22 2015
All,Up,Get8,Fri Jul 24 07:48:58 2015
All,Up,Get8,Sat Jul 25 07:40:17 2015
All,Up,Get8,Mon Jul 27 14:30:43 2015
All,Up,Get8,Mon Aug 03 02:26:57 2015
All,Up,Get8,Fri Aug 07 02:16:12 2015
All,Up,Get8,Sun Aug 09 07:37:38 2015
All,Up,Get8,Tue Aug 11 18:06:54 2015
All,Up,Get8,Wed Aug 12 01:56:14 2015
All,Up,Get8,Thu Aug 13 07:41:07 2015
All,Up,Get8,Sat Aug 15 14:59:32 2015
All,Up,Get8,Mon Aug 17 19:29:08 2015
All,Up,Get8,Tue Aug 18 11:21:46 2015
All,Up,Get8,Tue Aug 18 19:35:51 2015
All,Up,Get8,Sat Aug 22 02:14:51 2015
All,Up,Get8,Sat Aug 22 07:42:27 2015
All,Up,Get8,Tue Aug 25 01:58:58 2015
All,Up,Get8,Wed Aug 26 16:20:51 2015
All,Up,Get8,Mon Aug 31 01:32:16 2015
All,Up,Get8,Mon Aug 31 07:39:49 2015
All,Up,Get8,Tue Sep 01 07:34:00 2015
All,Up,Get8,Thu Sep 03 17:11:45 2015
All,Up,Get8,Sat Sep 05 01:17:51 2015
All,Up,Get8,Tue Sep 08 01:58:07 2015
All,Up,Get8,Tue Sep 08 19:57:51 2015
All,Up,Get8,Wed Sep 09 01:59:22 2015
All,Up,Get8,Wed Sep 09 02:02:00 2015
All,Up,Get8,Fri Sep 11 02:08:05 2015
All,Up,Get8,Fri Sep 11 17:39:42 2015
All,Up,Get8,Sat Sep 12 18:05:43 2015
All,Up,Get8,Mon Sep 14 02:37:50 2015
All,Up,Get8,Tue Sep 15 01:40:19 2015
All,Up,Get8,Wed Sep 16 17:38:03 2015
All,Up,Get8,Thu Sep 17 02:02:42 2015
All,Up,Get8,Thu Sep 17 11:36:17 2015
All,Up,Get8,Thu Sep 17 16:59:37 2015
All,Up,Get8,Fri Sep 18 19:38:11 2015
All,Up,Get8,Sat Sep 19 19:44:16 2015
All,Up,Get8,Sun Sep 20 09:26:52 2015
All,Up,Get8,Sun Sep 20 19:32:31 2015
All,Up,Get8,Thu Sep 24 17:27:26 2015
All,Up,Get8,Sat Sep 26 03:06:58 2015
All,Up,Get8,Sun Sep 27 08:15:50 2015
All,Up,Get8,Thu Oct 01 10:36:01 2015
All,Up,Get8,Thu Oct 01 17:20:13 2015
All,Up,Get8,Fri Oct 02 07:45:08 2015
All,Up,Get8,Sun Oct 04 07:34:21 2015
All,Up,Get8,Mon Oct 05 17:55:14 2015
All,Up,Get8,Tue Oct 06 16:23:46 2015
All,Up,Get8,Thu Oct 08 00:55:28 2015
All,Up,Get8,Thu Oct 08 07:29:58 2015
All,Up,Get8,Sun Oct 11 09:10:16 2015
All,Up,Get8,Mon Oct 12 16:23:10 2015
All,Up,Get8,Mon Oct 12 19:37:53 2015
All,Up,Get8,Fri Oct 16 19:46:54 2015
All,Up,Get8,Sat Oct 17 19:42:41 2015
All,Up,Get8,Sun Oct 18 19:43:32 2015
All,Up,Get8,Tue Oct 20 07:42:58 2015
All,Up,Get8,Wed Oct 21 07:40:35 2015
All,Up,Get8,Fri Oct 23 10:51:49 2015
All,Up,Get8,Sun Oct 25 18:47:41 2015
All,Up,Get8,Sun Oct 25 21:59:45 2015
All,Up,Get8,Mon Oct 26 07:45:00 2015
All,Up,Get8,Wed Oct 28 15:21:49 2015
All,Up,Get8,Thu Oct 29 16:49:22 2015
All,Up,Get8,Fri Oct 30 07:36:05 2015
All,Up,Get8,Sat Oct 31 07:44:42 2015
All,Up,Get8,Sat Oct 31 23:30:19 2015
All,Up,Get8,Mon Nov 02 16:47:27 2015
All,Up,Get8,Wed Nov 04 03:09:59 2015
All,Up,Get8,Thu Nov 05 01:39:16 2015
All,Up,Get8,Fri Nov 06 01:30:40 2015
All,Up,Get8,Sat Nov 07 15:08:09 2015
All,Up,Get8,Sun Nov 08 02:49:40 2015
All,Up,Get8,Sun Nov 08 07:36:24 2015
All,Up,Get8,Sun Nov 08 07:40:21 2015
All,Up,Get8,Sun Nov 08 07:40:34 2015
All,Up,Get8,Mon Nov 09 19:44:55 2015
All,Up,Get8,Tue Nov 10 19:45:21 2015
All,Up,Get8,Wed Nov 11 18:27:24 2015
All,Up,Get8,Sat Nov 14 02:40:58 2015
All,Up,Get8,Sat Nov 14 21:36:36 2015
All,Up,Get8,Sun Nov 15 07:45:53 2015
All,Up,Get8,Wed Nov 18 06:58:54 2015
All,Up,Get8,Wed Nov 18 19:47:38 2015
All,Up,Get8,Thu Nov 19 19:34:56 2015
All,Up,Get8,Fri Nov 20 16:45:58 2015
All,Up,Get8,Sat Nov 21 04:48:07 2015
All,Up,Get8,Mon Nov 23 07:50:24 2015
All,Up,Get8,Tue Nov 24 12:44:14 2015
All,Up,Get8,Wed Nov 25 03:27:15 2015
All,Up,Get8,Wed Nov 25 07:44:28 2015
All,Up,Get8,Thu Nov 26 01:43:24 2015
All,Up,Get8,Thu Nov 26 01:49:52 2015
All,Up,Get8,Thu Nov 26 07:41:34 2015
All,Up,Get8,Thu Nov 26 07:41:55 2015
All,Up,Get8,Thu Nov 26 17:20:34 2015
All,Up,Get8,Fri Nov 27 07:45:25 2015
All,Up,Get8,Sat Nov 28 07:40:07 2015
All,Up,Get8,Sun Nov 29 07:32:48 2015
All,Up,Get8,Mon Nov 30 17:48:54 2015
All,Up,Get8,Tue Dec 01 10:56:03 2015
All,Up,Get8,Wed Dec 02 02:58:45 2015
All,Up,Get8,Wed Dec 02 07:41:00 2015
All,Up,Get8,Thu Dec 03 07:46:59 2015
All,Up,Get8,Mon Dec 07 13:25:34 2015
All,Up,Get8,Mon Dec 07 13:39:48 2015
All,Up,Get8,Tue Dec 08 19:49:28 2015
All,Up,Get8,Fri Dec 11 11:29:34 2015
All,Up,Get8,Fri Dec 11 19:48:04 2015
All,Up,Get8,Sat Dec 12 19:48:40 2015
All,Up,Get8,Sun Dec 13 19:52:58 2015
All,Up,Get8,Tue Dec 15 07:40:23 2015
All,Up,Get8,Wed Dec 16 07:40:15 2015
All,Up,Get8,Thu Dec 17 07:44:22 2015
All,Up,Get8,Fri Dec 18 05:11:40 2015
All,Up,Get8,Sun Dec 20 14:24:36 2015
All,Up,Get8,Mon Dec 21 07:46:24 2015
All,Up,Get8,Tue Dec 22 07:47:48 2015
All,Up,Get8,Wed Dec 23 15:45:35 2015
All,Up,Get8,Thu Dec 24 01:20:23 2015
All,Up,Get8,Fri Dec 25 01:51:42 2015
All,Up,Get8,Sat Dec 26 07:42:50 2015
All,Up,Get8,Sun Dec 27 01:40:32 2015
All,Up,Get8,Mon Dec 28 06:52:02 2015
All,Up,Get8,Mon Dec 28 07:44:00 2015
All,Up,Get8,Tue Dec 29 15:51:05 2015
All,Up,Get8,Wed Dec 30 02:16:47 2015
All,Up,Get8,Wed Dec 30 07:42:50 2015
All,Up,Get8,Wed Dec 30 21:16:02 2015
All,Up,Get8,Wed Dec 30 23:40:27 2015
All,Up,Get8,Thu Dec 31 07:47:46 2015
All,Up,Get8,Fri Jan 01 09:56:45 2016
All,Up,Get8,Mon Jan 04 13:18:51 2016
All,Up,Get8,Mon Jan 04 19:38:25 2016
All,Up,Get8,Tue Jan 05 19:37:24 2016
All,Up,Get8,Thu Jan 07 02:20:28 2016
All,Up,Get8,Thu Jan 07 09:42:40 2016
All,Up,Get8,Thu Jan 07 23:39:19 2016
All,Up,Get8,Fri Jan 08 19:42:07 2016
All,Up,Get8,Sat Jan 09 19:45:44 2016
All,Up,Get8,Tue Jan 12 07:44:29 2016
All,Up,Get8,Wed Jan 13 14:38:24 2016
All,Up,Get8,Wed Jan 13 19:45:50 2016
All,Up,Get8,Thu Jan 14 17:11:58 2016
All,Up,Get8,Sun Jan 17 18:04:57 2016
All,Up,Get8,Mon Jan 18 02:40:39 2016
All,Up,Get8,Mon Jan 18 07:47:05 2016
All,Up,Get8,Tue Jan 19 07:45:05 2016
All,Up,Get8,Fri Jan 22 02:22:52 2016
All,Up,Get8,Fri Jan 22 07:45:30 2016
All,Up,Get8,Sun Jan 24 07:47:32 2016
All,Up,Get8,Sun Jan 24 22:01:34 2016
All,Up,Get8,Mon Jan 25 17:43:23 2016
All,Up,Get8,Wed Jan 27 02:17:45 2016
All,Up,Get8,Thu Jan 28 07:43:43 2016
All,Up,Get8,Fri Jan 29 07:41:46 2016
All,Up,Get8,Mon Feb 01 19:35:59 2016
All,Up,Get8,Fri Feb 05 19:31:36 2016
All,Up,Get8,Sat Feb 06 19:30:15 2016
All,Up,Get8,Tue Feb 09 17:32:55 2016
All,Up,Get8,Wed Feb 10 02:06:23 2016
All,Up,Get8,Thu Feb 11 07:31:16 2016
All,Up,Get8,Fri Feb 12 12:12:48 2016
All,Up,Get8,Wed Feb 17 17:35:26 2016
All,Up,Get8,Thu Feb 18 05:17:24 2016
All,Up,Get8,Sat Feb 20 02:02:49 2016
All,Up,Get8,Sat Feb 20 07:34:01 2016
All,Up,Get8,Sun Feb 21 01:39:29 2016
All,Up,Get8,Mon Feb 22 13:03:45 2016
All,Up,Get8,Tue Feb 23 02:29:12 2016
All,Up,Get8,Tue Feb 23 08:34:03 2016
All,Up,Get8,Wed Feb 24 00:45:01 2016
All,Up,Get8,Wed Feb 24 07:35:50 2016
All,Up,Get8,Sat Feb 27 00:17:51 2016
All,Up,Get8,Mon Feb 29 19:36:07 2016
All,Up,Get8,Wed Mar 02 19:17:42 2016
All,Up,Get8,Thu Mar 03 02:19:19 2016
All,Up,Get8,Fri Mar 04 19:36:57 2016
All,Up,Get8,Sat Mar 05 19:37:36 2016
All,Up,Get8,Thu Mar 10 17:25:49 2016
All,Up,Get8,Sun Mar 13 15:42:22 2016
All,Up,Get8,Tue Mar 15 07:35:36 2016
All,Up,Get8,Wed Mar 16 17:48:07 2016
All,Up,Get8,Thu Mar 17 07:35:35 2016
All,Up,Get8,Thu Mar 17 17:17:10 2016
All,Up,Get8,Fri Mar 18 07:30:23 2016
All,Up,Get8,Sat Mar 19 07:32:36 2016
All,Up,Get8,Sun Mar 20 07:37:23 2016
All,Up,Get8,Wed Mar 23 07:27:36 2016
All,Up,Get8,Thu Mar 24 13:04:09 2016
All,Up,Get8,Tue Mar 29 18:37:45 2016
All,Up,Get8,Tue Mar 29 19:37:36 2016
All,Up,Get8,Fri Apr 01 15:55:01 2016
All,Up,Get8,Sat Apr 02 11:37:43 2016
All,Up,Get8,Sat Apr 02 19:44:47 2016
All,Up,Get8,Sun Apr 03 19:43:07 2016
All,Up,Get8,Thu Apr 07 19:35:06 2016
All,Up,Get8,Sat Apr 09 02:50:57 2016
All,Up,Get8,Mon Apr 11 07:38:54 2016
All,Up,Get8,Tue Apr 12 07:38:53 2016
All,Up,Get8,Thu Apr 14 16:35:44 2016
All,Up,Get8,Fri Apr 15 00:17:40 2016
All,Up,Get8,Fri Apr 15 07:41:09 2016
All,Up,Get8,Sat Apr 16 00:18:01 2016
All,Up,Get8,Sun Apr 17 07:42:30 2016
All,Up,Get8,Mon Apr 18 19:25:53 2016
All,Up,Get8,Tue Apr 19 17:46:27 2016
All,Up,Get8,Wed Apr 20 00:32:39 2016
All,Up,Get8,Wed Apr 20 07:41:46 2016
All,Up,Get8,Fri Apr 22 13:47:05 2016
All,Up,Get8,Sat Apr 23 00:01:22 2016
All,Up,Get8,Mon Apr 25 19:37:24 2016
All,Up,Get8,Tue Apr 26 19:33:52 2016
All,Up,Get8,Wed Apr 27 18:49:46 2016
All,Up,Get8,Thu Apr 28 01:49:22 2016
All,Up,Get8,Sat Apr 30 11:33:28 2016
All,Up,Get8,Sun May 01 10:15:20 2016
All,Up,Get8,Sun May 01 19:33:48 2016
All,Up,Get8,Sun May 01 19:40:12 2016
All,Up,Get8,Wed May 04 19:41:38 2016
All,Up,Get8,Thu May 05 10:00:12 2016
All,Up,Get8,Thu May 05 10:13:51 2016
All,Up,Get8,Thu May 05 19:37:38 2016
All,Up,Get8,Mon May 09 01:22:49 2016
All,Up,Get8,Mon May 09 07:41:46 2016
All,Up,Get8,Tue May 10 17:11:36 2016
All,Up,Get8,Wed May 11 09:37:37 2016
All,Up,Get8,Wed May 11 12:23:14 2016
All,Up,Get8,Thu May 12 15:29:20 2016
All,Up,Get8,Fri May 13 07:40:26 2016
All,Up,Get8,Sun May 15 07:41:50 2016
All,Up,Get8,Tue May 17 11:46:05 2016
All,Up,Get8,Wed May 18 07:43:11 2016
All,Up,Get8,Thu May 19 07:41:28 2016
All,Up,Get8,Fri May 20 20:46:35 2016
All,Up,Get8,Sun May 22 16:49:46 2016
All,Up,Get8,Mon May 23 09:47:26 2016
All,Up,Get8,Tue May 24 17:21:05 2016
All,Up,Get8,Thu May 26 12:39:11 2016
All,Up,Get8,Fri May 27 19:42:24 2016
All,Up,Get8,Sat May 28 19:41:46 2016
All,Up,Get8,Sun May 29 19:38:49 2016
All,Up,Get8,Tue May 31 17:15:10 2016
All,Up,Get8,Wed Jun 01 19:41:24 2016
All,Up,Get8,Thu Jun 02 19:42:23 2016
All,Up,Get8,Sun Jun 05 09:47:42 2016
All,Up,Get8,Tue Jun 07 07:40:48 2016
All,Up,Get8,Wed Jun 08 07:41:55 2016
All,Up,Get8,Wed Jun 08 21:31:57 2016
All,Up,Get8,Wed Jun 08 21:31:58 2016
All,Up,Get8,Fri Jun 10 07:36:54 2016
All,Up,Get8,Sat Jun 11 07:31:04 2016
All,Up,Get8,Sun Jun 12 07:35:38 2016
All,Up,Get8,Tue Jun 14 07:48:27 2016
All,Up,Get8,Wed Jun 15 14:05:20 2016
All,Up,Get8,Wed Jun 15 21:06:04 2016
All,Up,Get8,Thu Jun 16 01:00:39 2016
All,Up,Get8,Fri Jun 17 02:05:50 2016
All,Up,Get8,Tue Jun 21 19:36:14 2016
All,Up,Get8,Thu Jun 23 07:46:09 2016
All,Up,Get8,Fri Jun 24 01:09:22 2016
All,Up,Get8,Fri Jun 24 07:45:51 2016
All,Up,Get8,Sat Jun 25 07:44:09 2016
All,Up,Get8,Sun Jun 26 00:31:14 2016
All,Up,Get8,Wed Jun 29 19:44:27 2016
All,Up,Get8,Thu Jun 30 15:56:06 2016
All,Up,Get8,Fri Jul 01 15:04:16 2016
All,Up,Get8,Mon Jul 04 07:45:45 2016
All,Up,Get8,Mon Jul 04 23:52:35 2016
All,Up,Get8,Wed Jul 06 11:55:56 2016
All,Up,Get8,Thu Jul 07 06:59:05 2016
All,Up,Get8,Thu Jul 07 17:47:27 2016
All,Up,Get8,Fri Jul 08 19:46:03 2016
All,Up,Get8,Sat Jul 09 19:36:42 2016
All,Up,Get8,Sun Jul 10 17:37:54 2016
All,Up,Get8,Mon Jul 11 19:15:29 2016
All,Up,Get8,Tue Jul 12 08:55:27 2016
All,Up,Get8,Thu Jul 14 01:09:53 2016
All,Up,Get8,Thu Jul 14 07:42:29 2016
All,Up,Get8,Fri Jul 15 07:41:39 2016
All,Up,Get8,Fri Jul 15 18:40:33 2016
All,Up,Get8,Sat Jul 16 12:46:25 2016
All,Up,Get8,Sat Jul 16 16:24:50 2016
All,Up,Get8,Sun Jul 17 03:46:50 2016
All,Up,Get8,Mon Jul 18 19:44:07 2016
All,Up,Get8,Tue Jul 19 13:24:03 2016
All,Up,Get8,Wed Jul 20 17:53:04 2016
All,Up,Get8,Thu Jul 21 01:06:12 2016
All,Up,Get8,Fri Jul 22 11:00:21 2016
All,Up,Get8,Fri Jul 22 19:39:30 2016
All,Up,Get8,Sat Jul 23 11:05:06 2016
All,Up,Get8,Sat Jul 23 19:40:04 2016
All,Up,Get8,Sun Jul 24 11:07:07 2016
All,Up,Get8,Sun Jul 24 13:18:19 2016
All,Up,Get8,Sun Jul 24 19:44:32 2016
All,Up,Get8,Mon Jul 25 13:01:16 2016
All,Up,Get8,Wed Jul 27 15:42:10 2016
All,Up,Get8,Wed Jul 27 19:33:45 2016
All,Up,Get8,Wed Jul 27 19:39:32 2016
All,Up,Get8,Thu Jul 28 12:57:21 2016
All,Up,Get8,Sun Jul 31 11:02:36 2016
All,Up,Get8,Sun Jul 31 12:14:19 2016
All,Up,Get8,Sun Jul 31 21:39:12 2016
All,Up,Get8,Mon Aug 01 07:39:54 2016
All,Up,Get8,Tue Aug 02 07:32:30 2016
All,Up,Get8,Thu Aug 04 23:58:44 2016
All,Up,Get8,Sat Aug 06 07:36:44 2016
All,Up,Get8,Sun Aug 07 02:10:05 2016
All,Up,Get8,Sun Aug 07 07:37:57 2016
All,Up,Get8,Sun Aug 07 23:57:45 2016
All,Up,Get8,Tue Aug 09 18:11:24 2016
All,Up,Get8,Wed Aug 10 00:07:03 2016
All,Up,Get8,Wed Aug 10 07:39:06 2016
All,Up,Get8,Thu Aug 11 00:37:32 2016
All,Up,Get8,Thu Aug 11 23:28:26 2016
All,Up,Get8,Fri Aug 12 07:38:46 2016
All,Up,Get8,Fri Aug 12 07:49:52 2016
All,Up,Get8,Sun Aug 14 00:20:07 2016
All,Up,Get8,Mon Aug 15 19:43:20 2016
All,Up,Get8,Tue Aug 16 12:26:41 2016
All,Up,Get8,Fri Aug 19 00:09:02 2016
All,Up,Get8,Fri Aug 19 12:16:56 2016
All,Up,Get8,Fri Aug 19 17:08:10 2016
All,Up,Get8,Fri Aug 19 19:39:31 2016
All,Up,Get8,Sat Aug 20 09:47:18 2016
All,Up,Get8,Sat Aug 20 19:40:02 2016
All,Up,Get8,Sun Aug 21 11:12:43 2016
All,Up,Get8,Sun Aug 21 19:36:54 2016
All,Up,Get8,Tue Aug 23 00:25:21 2016
All,Up,Get8,Tue Aug 23 14:17:17 2016
All,Up,Get8,Tue Aug 23 17:19:15 2016
All,Up,Get8,Wed Aug 24 19:31:33 2016
All,Up,Get8,Thu Aug 25 19:35:19 2016
All,Up,Get8,Sat Aug 27 18:51:27 2016
All,Up,Get8,Sun Aug 28 03:26:24 2016
All,Up,Get8,Sun Aug 28 13:34:25 2016
All,Up,Get8,Sun Aug 28 15:01:12 2016
All,Up,Get8,Mon Aug 29 01:35:12 2016
All,Up,Get8,Mon Aug 29 07:39:55 2016
All,Up,Get8,Tue Aug 30 00:10:14 2016
All,Up,Get8,Tue Aug 30 07:47:54 2016
All,Up,Get8,Fri Sep 02 02:19:37 2016
All,Up,Get8,Fri Sep 02 07:41:06 2016
All,Up,Get8,Sat Sep 03 00:34:56 2016
All,Up,Get8,Sat Sep 03 07:40:00 2016
All,Up,Get8,Sat Sep 03 23:40:06 2016
All,Up,Get8,Tue Sep 06 13:23:05 2016
All,Up,Get8,Wed Sep 07 01:35:34 2016
All,Up,Get8,Thu Sep 08 12:36:19 2016
All,Up,Get8,Fri Sep 09 17:44:25 2016
All,Up,Get8,Mon Sep 12 19:40:54 2016
All,Up,Get8,Tue Sep 13 12:38:15 2016
All,Up,Get8,Tue Sep 13 17:22:29 2016
All,Up,Get8,Fri Sep 16 19:45:40 2016
All,Up,Get8,Sat Sep 17 19:44:56 2016
All,Up,Get8,Sun Sep 18 19:38:13 2016
All,Up,Get8,Tue Sep 20 17:22:44 2016
All,Up,Get8,Wed Sep 21 19:36:47 2016
All,Up,Get8,Thu Sep 22 10:21:42 2016
All,Up,Get8,Thu Sep 22 19:35:54 2016
All,Up,Get8,Sat Sep 24 03:45:23 2016
All,Up,Get8,Sat Sep 24 07:40:34 2016
All,Up,Get8,Sat Sep 24 21:57:48 2016
All,Up,Get8,Sun Sep 25 08:09:24 2016
All,Up,Get8,Tue Sep 27 13:39:40 2016
All,Up,Get8,Thu Sep 29 15:38:54 2016
All,Up,Get8,Fri Sep 30 19:48:03 2016
All,Up,Get8,Sun Oct 02 19:37:10 2016
All,Up,Get8,Tue Oct 04 17:18:32 2016
All,Up,Get8,Wed Oct 05 01:24:41 2016
All,Up,Get8,Wed Oct 05 07:45:15 2016
All,Up,Get8,Thu Oct 06 07:44:53 2016
All,Up,Get8,Fri Oct 07 17:25:56 2016
All,Up,Get8,Sat Oct 08 07:39:07 2016
All,Up,Get8,Mon Oct 10 14:41:13 2016
All,Up,Get8,Tue Oct 11 10:57:34 2016
All,Up,Get8,Fri Oct 14 15:34:58 2016
All,Up,Get8,Sat Oct 15 19:44:30 2016
All,Up,Get8,Sun Oct 16 10:38:55 2016
All,Up,Get8,Tue Oct 18 17:20:45 2016
All,Up,Get8,Wed Oct 19 01:19:28 2016
All,Up,Get8,Thu Oct 20 00:10:11 2016
All,Up,Get8,Thu Oct 20 07:40:26 2016
All,Up,Get8,Fri Oct 21 00:30:21 2016
All,Up,Get8,Tue Oct 25 01:02:25 2016
All,Up,Get8,Fri Oct 28 00:25:51 2016
All,Up,Get8,Sat Oct 29 00:32:42 2016
All,Up,Get8,Sat Oct 29 07:51:23 2016
All,Up,Get8,Sat Oct 29 23:26:03 2016
All,Up,Get8,Tue Nov 01 14:57:22 2016
All,Up,Get8,Wed Nov 02 00:44:20 2016
All,Up,Get8,Thu Nov 03 00:15:17 2016
All,Up,Get8,Sat Nov 05 00:45:25 2016
All,Up,Get8,Sun Nov 06 02:18:08 2016
All,Up,Get8,Sun Nov 06 14:45:57 2016
All,Up,Get8,Tue Nov 08 17:39:56 2016
All,Up,Get8,Thu Nov 10 03:14:35 2016
All,Up,Get8,Fri Nov 11 07:51:47 2016
All,Up,Get8,Wed Nov 16 18:58:35 2016
All,Up,Get8,Thu Nov 17 19:50:33 2016
All,Up,Get8,Fri Nov 18 18:13:11 2016
All,Up,Get8,Mon Nov 21 01:40:35 2016
All,Up,Get8,Tue Nov 22 07:39:36 2016
All,Up,Get8,Wed Nov 23 01:49:45 2016
All,Up,Get8,Thu Nov 24 01:36:23 2016
All,Up,Get8,Thu Nov 24 02:05:54 2016
All,Up,Get8,Thu Nov 24 02:06:38 2016
All,Up,Get8,Fri Nov 25 03:24:13 2016
All,Up,Get8,Sat Nov 26 05:15:02 2016
All,Up,Get8,Sun Nov 27 01:34:42 2016
All,Up,Get8,Mon Nov 28 01:42:29 2016
All,Up,Get8,Mon Nov 28 23:12:47 2016
All,Up,Get8,Tue Nov 29 13:11:40 2016
All,Up,Get8,Wed Nov 30 07:46:44 2016
All,Up,Get8,Thu Dec 01 07:49:25 2016
All,Up,Get8,Fri Dec 02 17:41:18 2016
All,Up,Get8,Sat Dec 03 03:46:27 2016
config,Up,Get8,Sat Dec 03 14:01:59 2016
config,Down,artb,Sat Dec 03 14:02:53 2016
config,Up,artb,Sat Dec 03 23:51:52 2016
PDLO,Down,artb,Sun Dec 04 00:02:33 2016
config,Up,artb,Mon Dec 05 16:40:00 2016
All,Up,Get8,Mon Dec 05 17:00:59 2016
All,Up,Get8,Mon Dec 05 17:01:49 2016
All,Up,Get8,Mon Dec 05 17:02:42 2016
All,Up,Get8,Mon Dec 05 17:03:26 2016
All,Up,Get8,Mon Dec 05 17:03:56 2016
All,Up,artb,Mon Dec 05 17:12:56 2016
All,Up,artb,Mon Dec 05 17:13:50 2016
All,Up,artb,Mon Dec 05 17:13:57 2016
All,Up,artb,Mon Dec 05 17:14:23 2016
All,Down,artb,Mon Dec 05 17:16:39 2016
All,Up,artb,Mon Dec 05 19:21:56 2016
All,Down,Get8,Mon Dec 05 19:24:26 2016
All,Up,Get8,Mon Dec 05 19:47:56 2016
All,Up,Get8,Tue Dec 06 11:05:47 2016
All,Down,artb,Tue Dec 06 16:17:47 2016
All,Down,artb,Tue Dec 06 16:19:19 2016
All,Down,artb,Tue Dec 06 16:19:33 2016
All,Down,artb,Tue Dec 06 16:19:55 2016
All,Down,artb,Tue Dec 06 16:23:05 2016
All,Down,artb,Tue Dec 06 16:57:23 2016
All,Down,artb,Tue Dec 06 17:03:46 2016
All,Down,artb,Tue Dec 06 17:04:23 2016
All,Down,artb,Tue Dec 06 17:10:28 2016
All,Down,artb,Thu Dec 08 02:26:21 2016
All,Down,Get8,Thu Dec 08 02:51:11 2016
All,Down,Get8,Thu Dec 08 02:52:27 2016
All,Up,Get8,Thu Dec 08 02:54:08 2016
config,Up,Get8,Thu Dec 08 02:55:17 2016
All,Up,Get8,Thu Dec 08 02:55:27 2016
All,Up,Get8,Thu Dec 08 02:57:51 2016
All,Up,Get8,Thu Dec 08 07:46:11 2016
config,Up,Pi,Thu Dec 8 20:36:42 JST 2016
config,Up,Pi,Thu Dec 8 20:40:15 JST 2016
config,Up,Pi,Thu Dec 8 20:43:39 JST 2016
config,Up,Pi,Thu Dec 8 20:47:20 JST 2016
All,Down,artb,Fri Dec 09 17:34:41 2016
All,Down,Get8,Fri Dec 09 17:35:10 2016
All,Down,Get8,Fri Dec 09 17:51:24 2016
All,Down,Get8,Fri Dec 09 17:53:19 2016
All,Up,Get8,Fri Dec 09 18:44:36 2016
All,Down,artb,Fri Dec 09 18:55:28 2016
All,Up,Get8,Fri Dec 09 19:50:20 2016
